;pas trouve
;pas trouve
;pas trouve
UCS1000P01-861V1;1500
UCS1000S01-861V1;1501
UC1000CNX01-861V1;1502
UC1000PS01-861V1;1503
CUEAC6-25S01_manuel;pas trouve
CUEAC25S02;pas trouve
CUEAC25S03;pas trouve
CUEAC25S04;pas trouve
CUEAC25S05;pas trouve
CUEAC25S06;pas trouve
CUEAC25S07;pas trouve
CUEAC25S08;pas trouve
CUEAC25S09;pas trouve
UC100CX01;pas trouve
UC300CX01;pas trouve
AD1;pas trouve
AD2;pas trouve
TOOLBOX;pas trouve
UCS1000P01-861V1;1500
UCS1000S01-861V1;1501
UC1000CNX01-861V1;1502
UC1000PS01-861V1;1503
UCS7500P01-861V1;pas trouve
UCS7500S01-861V1;pas trouve
UCS7500S02-861V1;pas trouve
UCS7500S03-861V1;pas trouve
UCS7500S04-861V1;pas trouve
UCS7500S05-861V1;pas trouve
UCS7500S06-861V1;pas trouve
UCS7500S07-861V1;pas trouve
UCS7500S08-861V1;pas trouve
UC7500CNX01-861V1;pas trouve
UC7500PS01-861V1;pas trouve
UC7500PS02-861V1;pas trouve
CUEAC6-25S01E-861V1;14015
CUEAC6-25S01S-861V1;14016
CUEAC25S02-861V1;14007
CUEAC25S03-861V1;14008
CUEAC25S04-861V1;14009
CUEAC25S05-861V1;14010
CUEAC25S06-861V1;14011
CUEAC25S07-861V1;14012
CUEAC25S08-861V1;14013
CUEAC25S09-861V1;14014
UC100CX01-861V1;1212
UC300CX01-861V1;1213
AD1-861V1;14002
AD2-861V1;14003
TOOLBOX-861V1;14005
TOOLBOX-862V1;24005
AD1-862V1;24002
AD2-862V1;24003
CUEAC25S02-862V1;24007
CUEAC25S03-862V1;24008
CUEAC25S04-862V1;24009
CUEAC25S05-862V1;24010
CUEAC25S06-862V1;24011
CUEAC25S07-862V1;24012
CUEAC25S08-862V1;24013
CUEAC25S09-862V1;24014
CUEAC6-25S01E-862V1;24015
CUEAC6-25S01S-862V1;24016
UC1000CNX01-862V1;2502
UC1000PS01-862V1;2503
UC100CX01-862V1;2212
UC300CX01-862V1;2213
UC7500CNX01-862V1;2209
UC7500PS01-862V1;2210
UCS1000P01-862V1;2500
UCS1000S01-862V1;2501
UCS7500P01-862V1;2200
UCS7500S01-862V1;2201
UCS7500S02-862V1;2202
UCS7500S03-862V1;2203
UCS7500S04-862V1;2204
UCS7500S07-862V1;2207
UCS7500S08-862V1;2208
UCS1000P01-862V2;3500
UCS1000S01-862V2;3501
UC1000CNX01-862V2;3502
UC1000PS01-862V2;3503
UCS7500P01-862V2;3200
UCS7500S01-862V2;3201
UCS7500S02-862V2;3202
UCS7500S03-862V2;3203
UCS7500S04-862V2;3204
UCS7500S07-862V2;3207
UCS7500S08-862V2;3208
UC7500CNX01-862V2;3209
UC7500PS01-862V2;3210
UCS20000P01-862V2;3600
UCS20000S01-862V2;3601
UCS20000S02-862V2;3602
UCS20000S03-862V2;3603
UCS20000S04-862V2;3604
UCS20000S05-862V2;3605
UCS20000S06-862V2;3606
UCS20000S07-862V2;3607
UCS20000S08-862V2;3608
UCS20000S09-862V2;3609
UCS20000S10-862V2;3610
UC20000CNX01-862V2;3611
UC20000PS01-862V2;3612
UC20000PS02-862V2;3613
UC100CX01-862V2;3212
UC300CX01-862V2;3213
CUEAC6-25S01E-862V2-MW2;34015
CUEAC6-25S01S-862V2-MW2;34016
CUEAC25S02-862V2-MW2;34007
CUEAC25S03-862V2-MW2;34008
CUEAC25S04-862V2-MW2;34009
CUEAC25S05-862V2-MW2;34010
CUEAC25S06-862V2-MW2;34011
CUEAC25S07-862V2-MW2;34012
CUEAC25S08-862V2-MW2;34013
CUEAC25S09-862V2-MW2;34014
AD1-862V2-MW2;34002
AD2-862V2-MW2;34003
TLB-862V2-MW2;pas trouve
UCS1000P01-862V2;3500
UCS1000S01-862V2;3501
UC1000CNX01-862V2;3502
UC1000PS01-862V2;3503
UCS7500P01-862V2;3200
UCS7500S01-862V2;3201
UCS7500S02-862V2;3202
UCS7500S03-862V2;3203
UCS7500S04-862V2;3204
UCS7500S07-862V2;3207
UCS7500S08-862V2;3208
UC7500CNX01-862V2;3209
UC7500PS01-862V2;3210
UCS20000P01-862V2;3600
UCS20000S01-862V2;3601
UCS20000S02-862V2;3602
UCS20000S03-862V2;3603
UCS20000S04-862V2;3604
UCS20000S05-862V2;3605
UCS20000S06-862V2;3606
UCS20000S07-862V2;3607
UCS20000S08-862V2;3608
UCS20000S09-862V2;3609
UCS20000S10-862V2;3610
UC20000CNX01-862V2;3611
UC20000PS01-862V2;3612
UC20000PS02-862V2;3613
UC100CX01-862V2;3212
UC300CX01-862V2;3213
CUEAC6-25S01E-862V2-MW2;34015
CUEAC6-25S01S-862V2-MW2;34016
CUEAC25S02-862V2-MW2;34007
CUEAC25S03-862V2-MW2;34008
CUEAC25S04-862V2-MW2;34009
CUEAC25S05-862V2-MW2;34010
CUEAC25S06-862V2-MW2;34011
CUEAC25S07-862V2-MW2;34012
CUEAC25S08-862V2-MW2;34013
CUEAC25S09-862V2-MW2;34014
AD1-862V2-MW2;34002
AD2-862V2-MW2;34003
TLB-862V2-MW2;pas trouve
UCS20000P01-862V1;pas trouve
UCS20000S01-862V1;pas trouve
UCS20000S02-862V1;pas trouve
UCS20000S03-862V1;pas trouve
UCS20000S04-862V1;pas trouve
UCS20000S05-862V1;pas trouve
UCS20000S06-862V1;pas trouve
UCS20000S07-862V1;pas trouve
UCS20000S08-862V1;pas trouve
UCS20000S09-862V1;pas trouve
UCS20000S10-862V1;pas trouve
UC20000CNX01-862V1;pas trouve
UC20000PS01-862V1;pas trouve
UC20000PS02-862V1;pas trouve
TOOLBOX-862V1;24005
UCS1000P01-862V3;4500
UCS1000S01-862V3;4501
UC1000CNX01-862V3;4502
UC1000PS01-862V3;4503
UCS7500P01-862V3;4200
UCS7500S01-862V3;4201
UCS7500S02-862V3;4202
UCS7500S03-862V3;4203
UCS7500S04-862V3;4204
UCS7500S07-862V3;4207
UCS7500S08-862V3;4208
UC7500CNX01-862V3;4209
UC7500PS01-862V3;4210
UCS20000P01-862V3;4600
UCS20000S01-862V3;4601
UCS20000S02-862V3;4602
UCS20000S03-862V3;4603
UCS20000S04-862V3;4604
UCS20000S05-862V3;4605
UCS20000S06-862V3;4606
UCS20000S07-862V3;4607
UCS20000S08-862V3;4608
UCS20000S09-862V3;4609
UCS20000S10-862V3;4610
UC20000CNX01-862V3;4611
UC20000PS01-862V3;4612
UC20000PS02-862V3;4613
UCS40000P01-862V3;5600
UCS40000S01-862V3;5601
UCS40000S02-862V3;5602
UCS40000S03-862V3;5603
UCS40000S04-862V3;5604
UCS40000S05-862V3;5605
UCS40000S06-862V3;5606
UCS40000S07-862V3;5607
UCS40000S08-862V3;5608
UCS40000S09-862V3;5609
UCS40000S10-862V3;5610
UC40000CNX01-862V3;5611
UC40000CNX01-862V3;5611
UC40000PS01-862V3;5612
UC40000PS02-862V3;5613
UC40000PS03-862V3;5615
UC100CX01-862V3;4212
UC300CX01-862V3;4213
CUEAC6-25S01E-862V3;44015
CUEAC6-25S01S-862V3;44016
CUEAC25S02-862V3;44007
CUEAC25S03-862V3;44008
CUEAC25S04-862V3;44009
CUEAC25S05-862V3;44010
CUEAC25S06-862V3;44011
CUEAC25S07-862V3;44012
CUEAC25S08-862V3;44013
CUEAC25S09-862V3;44014
AD1-862V3;44002
AD2-862V3;44003
TLB-862V3;pas trouve
SRV-862V3;pas trouve
UCS1000P01-862V4;5500
UCS1000S01-862V4;5501
UC1000CNX01-862V4;5502
UC1000PS01-862V4;5503
UCS7500P01-862V4;5200
UCS7500S01-862V4;5201
UCS7500S02-862V4;5202
UCS7500S03-862V4;5203
UCS7500S04-862V4;5204
UCS7500S07-862V4;5207
UCS7500S08-862V4;5208
UC7500CNX01-862V4;5209
UC7500PS01-862V4;5210
UCS20000P01-862V4;6600
UCS20000S01-862V4;6601
UCS20000S02-862V4;6602
UCS20000S03-862V4;6603
UCS20000S04-862V4;6604
UCS20000S05-862V4;6605
UCS20000S06-862V4;6606
UCS20000S07-862V4;6607
UCS20000S08-862V4;6608
UCS20000S09-862V4;6609
UCS20000S10-862V4;6610
UC20000CNX01-862V4;6611
UC20000PS01-862V4;6612
UC20000PS02-862V4;6613
UC100CX01-862V4;5212
UC300CX01-862V4;5213
CUEAC6-25S01E-862V4-MW2;54015
CUEAC6-25S01S-862V4-MW2;54016
CUEAC25S02-862V4-MW2;54007
CUEAC25S03-862V4-MW2;54008
CUEAC25S04-862V4-MW2;54009
CUEAC25S05-862V4-MW2;54010
CUEAC25S06-862V4-MW2;54011
CUEAC25S07-862V4-MW2;54012
CUEAC25S08-862V4-MW2;54013
CUEAC25S09-862V4-MW2;54014
AD1-862V4-MW2;54002
AD2-862V4-MW2;54003
TLB-862V4-MW2;pas trouve
SRV-862V4;pas trouve
UCS1000P01-862V1;2500
UCS1000S01-862V1;2501
UC1000CNX01-862V1;2502
UC1000PS01-862V1;2503
UCS7500P01-862V1;2200
UCS7500S01-862V1;2201
UCS7500S02-862V1;2202
UCS7500S03-862V1;2203
UCS7500S04-862V1;2204
UCS7500S07-862V1;2207
UCS7500S08-862V1;2208
UC7500CNX01-862V1;2209
UC7500PS01-862V1;2210
UC100CX01-862V1;2212
UC300CX01-862V1;2213
CUEAC25S02-862V1;24007
CUEAC25S03-862V1;24008
CUEAC25S04-862V1;24009
CUEAC25S05-862V1;24010
CUEAC25S06-862V1;24011
CUEAC25S07-862V1;24012
CUEAC25S08-862V1;24013
CUEAC25S09-862V1;24014
CUEAC6-25S01E-862V1;24015
CUEAC6-25S01S-862V1;24016
AD1-862V3;44002
AD2-862V3;44003
TLB-862V3;pas trouve
SRV-862V3;pas trouve
;pas trouve
